{"resourceType": "Observation", "id": "46e47e94-1b54-448d-aaf9-908153fc8fc9", "status": "final", "category": [{"coding": [{"system": "http://terminology.hl7.org/CodeSystem/observation-category", "code": "vital-signs", "display": "Vital Signs"}]}], "code": {"coding": [{"system": "http://loinc.org", "code": "85354-9", "display": "Blood pressure panel"}]}, "subject": {"reference": "Patient/bb3beb54-3792-4d18-bda3-deaaf14ec6fd"}, "effectiveDateTime": "2025-01-17T22:04:49.840462", "component": [{"code": {"coding": [{"system": "http://loinc.org", "code": "8480-6", "display": "Systolic blood pressure"}]}, "valueQuantity": {"value": 86.4, "unit": "mmHg", "system": "http://unitsofmeasure.org", "code": "mmHg"}}, {"code": {"coding": [{"system": "http://loinc.org", "code": "8462-4", "display": "Diastolic blood pressure"}]}, "valueQuantity": {"value": 63, "unit": "mmHg", "system": "http://unitsofmeasure.org", "code": "mmHg"}}], "geo_point": "43.3664445,-145.615434"}