{"resourceType": "Observation", "id": "5d0fafe5-d69f-46dd-97cf-52293e18196d", "status": "final", "category": [{"coding": [{"system": "http://terminology.hl7.org/CodeSystem/observation-category", "code": "vital-signs", "display": "Vital Signs"}]}], "code": {"coding": [{"system": "http://loinc.org", "code": "85354-9", "display": "Blood pressure panel"}]}, "subject": {"reference": "Patient/80960d30-44ab-4929-986b-f67fa83bb0e0"}, "effectiveDateTime": "2025-01-17T11:18:46.606232", "component": [{"code": {"coding": [{"system": "http://loinc.org", "code": "8480-6", "display": "Systolic blood pressure"}]}, "valueQuantity": {"value": 108.9, "unit": "mmHg", "system": "http://unitsofmeasure.org", "code": "mmHg"}}, {"code": {"coding": [{"system": "http://loinc.org", "code": "8462-4", "display": "Diastolic blood pressure"}]}, "valueQuantity": {"value": 53, "unit": "mmHg", "system": "http://unitsofmeasure.org", "code": "mmHg"}}], "geo_point": "63.5483595,-43.112788"}