{"resourceType": "Observation", "id": "ebf45a6f-5aac-4935-a9c6-50afa146f94a", "status": "final", "category": [{"coding": [{"system": "http://terminology.hl7.org/CodeSystem/observation-category", "code": "vital-signs", "display": "Vital Signs"}]}], "code": {"coding": [{"system": "http://loinc.org", "code": "85354-9", "display": "Blood pressure panel"}]}, "subject": {"reference": "Patient/1ed517ac-37ce-49a8-a131-8b25b8670a10"}, "effectiveDateTime": "2025-01-17T02:06:00.826262", "component": [{"code": {"coding": [{"system": "http://loinc.org", "code": "8480-6", "display": "Systolic blood pressure"}]}, "valueQuantity": {"value": 106.0, "unit": "mmHg", "system": "http://unitsofmeasure.org", "code": "mmHg"}}, {"code": {"coding": [{"system": "http://loinc.org", "code": "8462-4", "display": "Diastolic blood pressure"}]}, "valueQuantity": {"value": 52, "unit": "mmHg", "system": "http://unitsofmeasure.org", "code": "mmHg"}}], "geo_point": "79.568912,45.475710"}