{"resourceType": "Observation", "id": "0f937806-e4a9-47a2-8e5b-a45bf995b3b8", "status": "final", "category": [{"coding": [{"system": "http://terminology.hl7.org/CodeSystem/observation-category", "code": "vital-signs", "display": "Vital Signs"}]}], "code": {"coding": [{"system": "http://loinc.org", "code": "85354-9", "display": "Blood pressure panel"}]}, "subject": {"reference": "Patient/fd8f97b7-17a8-4ad1-9b85-4e137a4a5722"}, "effectiveDateTime": "2025-01-29T16:44:19.134920", "component": [{"code": {"coding": [{"system": "http://loinc.org", "code": "8480-6", "display": "Systolic blood pressure"}]}, "valueQuantity": {"value": 108.7, "unit": "mmHg", "system": "http://unitsofmeasure.org", "code": "mmHg"}}, {"code": {"coding": [{"system": "http://loinc.org", "code": "8462-4", "display": "Diastolic blood pressure"}]}, "valueQuantity": {"value": 66, "unit": "mmHg", "system": "http://unitsofmeasure.org", "code": "mmHg"}}], "geo_point": "87.571276,-1.895633"}