{"resourceType": "Observation", "id": "7134d2ec-ce64-4236-b469-f6e7363aa569", "status": "final", "category": [{"coding": [{"system": "http://terminology.hl7.org/CodeSystem/observation-category", "code": "vital-signs", "display": "Vital Signs"}]}], "code": {"coding": [{"system": "http://loinc.org", "code": "85354-9", "display": "Blood pressure panel"}]}, "subject": {"reference": "Patient/7dee63ea-99fe-4de1-9aae-2bbb95fc74e0"}, "effectiveDateTime": "2025-01-25T22:41:00.231475", "component": [{"code": {"coding": [{"system": "http://loinc.org", "code": "8480-6", "display": "Systolic blood pressure"}]}, "valueQuantity": {"value": 90.7, "unit": "mmHg", "system": "http://unitsofmeasure.org", "code": "mmHg"}}, {"code": {"coding": [{"system": "http://loinc.org", "code": "8462-4", "display": "Diastolic blood pressure"}]}, "valueQuantity": {"value": 64, "unit": "mmHg", "system": "http://unitsofmeasure.org", "code": "mmHg"}}], "geo_point": "-43.679402,157.659999"}